First Name,Last Name,Age,Email,id
John,Smith,42,test1@asdfa.com,1
Margot,Robbie,32,test2@asdfa.com,2
Charlize,Theron,47,test3@asdfa.com,3
Robert,Downey Jr.,55,test4@asdfa.com,4
Johnny,Depp,59, test5@asdfa.com,5"Prathab","S","Prathab","Test@asdfas.com","1655128979462"
"Prathab","S","Prathab","Test@asdfas.com","1655128986282"
"Prathab","S","Prathab","Test@asdfas.com","1655129010399"
"Prathab","S","Prathab","Test@asdfas.com","1655129061972"
"Prathab","S","40","Test@asdfas.com","1655129101288"
"Prathab","S","40","Test@asdfas.com","1655129135088"
"Prathab","S","40","Test@asdfas.com","1655129419078"
"Prathab","S","40","Test@asdfas.com","1655129689259"
"Prathab","S","49","Test@asdfas.com","1655129703774"
"123Prathab","S","49","Test@asdfas.com","1655130208919"
"123Prat!#@#@!@hab","S","49","Test@asdfas.com","1655130228945"
"123Prat!#@#@!@hab","S","49","Test@asdfas.com","1655130325779"
"123Prat!#@#@!@hab","S","49","Test@asdfas.com","1655130388557"
"123Prat!#@#@!@hab","S","49","Test@asdfas.com","1655130458910"
